{"meta":{"title":"interstellar","subtitle":null,"description":null,"author":"Craigie","url":"http://yoursite.com"},"pages":[{"title":"About","date":"2017-02-08T07:58:17.137Z","updated":"2017-02-07T08:06:43.974Z","comments":true,"path":"about/index.html","permalink":"http://yoursite.com/about/index.html","excerpt":"","text":""},{"title":"Categories","date":"2017-02-08T06:30:24.147Z","updated":"2017-02-07T08:06:43.974Z","comments":true,"path":"categories/index.html","permalink":"http://yoursite.com/categories/index.html","excerpt":"","text":""},{"title":"Tags","date":"2017-02-08T06:30:24.152Z","updated":"2017-02-07T08:06:43.975Z","comments":true,"path":"tags/index.html","permalink":"http://yoursite.com/tags/index.html","excerpt":"","text":""}],"posts":[{"title":"HelloWorld","slug":"HelloWorld","date":"2017-02-07T09:03:40.000Z","updated":"2017-02-08T06:47:47.306Z","comments":true,"path":"2017/02/07/HelloWorld/","link":"","permalink":"http://yoursite.com/2017/02/07/HelloWorld/","excerpt":"这是一段注释内容","text":"这是一段注释内容 #测试内容很多很多很多很多","categories":[],"tags":[]}]}